{
    "overall": {
        "LLM_only_accuracy": 0.3877551020408163,
        "RAG_accuracy": 0.46938775510204084,
        "improvement": 0.08163265306122452,
        "groundedness": 0
    },
    "by_question_type": {
        "risk_assessment": {
            "LLM_only_accuracy": 0.5454545454545454,
            "RAG_accuracy": 0.45454545454545453,
            "improvement": -0.09090909090909088,
            "groundedness": 0.45454545454545453,
            "num_questions": 44
        },
        "symptom_progression": {
            "LLM_only_accuracy": 0.25925925925925924,
            "RAG_accuracy": 0.48148148148148145,
            "improvement": 0.2222222222222222,
            "groundedness": 0.48148148148148145,
            "num_questions": 54
        }
    }
}